"title","name"
"Chamber Italian","Action"
"Chamber Italian","Animation"
"Chamber Italian","Children"
"Chamber Italian","Classics"
"Chamber Italian","Comedy"
"Chamber Italian","Documentary"
"Chamber Italian","Drama"
"Chamber Italian","Family"
"Chamber Italian","Foreign"
"Chamber Italian","Games"
"Chamber Italian","Horror"
"Chamber Italian","Music"
"Chamber Italian","New"
"Chamber Italian","Sci-Fi"
"Chamber Italian","Sports"
"Chamber Italian","Travel"
"Grosse Wonderful","Action"
"Grosse Wonderful","Animation"
"Grosse Wonderful","Children"
"Grosse Wonderful","Classics"
"Grosse Wonderful","Comedy"
"Grosse Wonderful","Documentary"
"Grosse Wonderful","Drama"
"Grosse Wonderful","Family"
"Grosse Wonderful","Foreign"
"Grosse Wonderful","Games"
"Grosse Wonderful","Horror"
"Grosse Wonderful","Music"
"Grosse Wonderful","New"
"Grosse Wonderful","Sci-Fi"
"Grosse Wonderful","Sports"
"Grosse Wonderful","Travel"
"Airport Pollock","Action"
"Airport Pollock","Animation"
"Airport Pollock","Children"
"Airport Pollock","Classics"
"Airport Pollock","Comedy"
"Airport Pollock","Documentary"
"Airport Pollock","Drama"
"Airport Pollock","Family"
"Airport Pollock","Foreign"
"Airport Pollock","Games"
"Airport Pollock","Horror"
"Airport Pollock","Music"
"Airport Pollock","New"
"Airport Pollock","Sci-Fi"
"Airport Pollock","Sports"
"Airport Pollock","Travel"
"Bright Encounters","Action"
"Bright Encounters","Animation"
